位置,次数,经度,纬度
御金沙 ,80,113.204835,23.166689
越秀星汇云城 ,54,113.33698,23.208665
富力桃园 ,54,113.233062,23.149066
城西花园 ,34,113.209683,23.157618
金域蓝湾 ,25,113.211207,23.155154
岭南新世界 ,24,113.294217,23.23228
景泰新村 ,21,113.268551,23.161356
家和东湖映月 ,17,113.321777,23.274905
富力半岛 ,15,113.227388,23.1432
金碧新城 ,15,113.241687,23.203377
汇侨新城北区 ,14,113.257198,23.200033
锦翠苑(金钟横路) ,12,113.268849,23.169121
利都大厦 ,12,113.259345,23.198256
广园云苑新村 ,12,113.270306,23.165669
盈富居 ,11,113.227803,23.145161
紫薇花园 ,11,113.23301,23.403876
云裳丽影 ,9,113.330053,23.196367
祥景花园雍翠园 ,9,113.269945,23.207059
汇侨新城南区 ,9,113.257571,23.197349
金湖雅苑 ,9,113.337381,23.192769
瑞晖花园 ,8,113.220697,23.202648
星汇金沙雅筑 ,8,113.196967,23.160468
新市花园一区 ,8,113.259319,23.190397
金碧雅苑 ,7,113.29187,23.222864
增槎路 ,7,113.223668,23.158764
黄石花园 ,7,113.267207,23.204456
梅苑小区 ,7,113.321621,23.17733
保利汇海花园 ,6,113.208937,23.174086
保利西子湾 ,6,113.208695,23.14781
远景新苑 ,6,113.247795,23.171527
金满花园 ,6,,
云东小区 ,6,113.327499,23.19612
金满家园 ,5,113.206859,23.156701
云山诗意 ,5,113.530902,22.789784
紫荆花园 ,5,113.258911,23.193026
春鸿居 ,5,113.294262,23.213619
恒大绿洲花园 ,5,113.209967,23.145944
美景苑 ,5,113.2525,23.172652
翠福居 ,5,113.221441,23.148282
白云家园 ,5,113.323897,23.178478
南洋电器厂宿舍 ,5,113.414078,22.959147
新兴白云花园 ,5,113.289698,23.215047
乐得花园 ,5,113.275076,23.22262
祥景花园AC区 ,5,113.270668,23.204335
富力城北区 ,5,113.262973,23.250956
白云明珠广场 ,5,113.259546,23.180992
交电新村 ,5,113.265925,23.159192
时代玫瑰园 ,5,113.285977,23.223906
白云高尔夫花园东区 ,5,113.270457,23.201657
大源山庄 ,5,113.352184,23.250655
保利江岸花园 ,5,113.242327,23.064409
保利紫云 ,5,113.251683,23.189835
白云高尔夫花园荷塘月色 ,4,113.270758,23.198753
南航新村 ,4,113.249797,23.194742
民航小区南云西街 ,4,113.258789,23.175609
岭南新世界映悦园 ,4,113.302795,23.234749
白云骏景 ,4,113.271482,23.19612
一品湖山 ,4,113.32993,23.213323
建南大厦 ,4,113.254733,23.18275
岭南雅院 ,4,113.23129,23.158038
云景花园云景名都 ,4,113.329069,23.183049
白云畔山花园 ,4,113.320801,23.18263
龙湖招商・天 ,4,,
飞鹅西路 ,4,113.264953,23.154031
田心花园 ,4,113.235846,23.160177
松溪花园 ,4,113.218675,23.150903
康盈阁 ,4,113.258336,23.173054
积德花园 ,4,,
富力阳光美居 ,4,113.259828,23.202151
荔苑公寓 ,4,113.341459,23.23354
合益小区 ,4,113.247398,23.174293
广园中路 ,4,113.273061,23.158616
水警宿舍 ,3,113.256849,23.107195
华园北路华园北街 ,3,113.258779,23.163661
榕溪花园 ,3,113.244473,23.21023
顺景花园 ,3,113.25576,23.206226
馨雅居 ,3,113.242548,23.20863
广播设备厂宿舍 ,3,,
依云小镇 ,3,113.300229,23.231898
松南路 ,3,113.222123,23.150706
颐和上院一期 ,3,113.271149,23.176679
朗骏苑 ,3,113.232987,23.164326
江南世家 ,3,113.338175,23.235118
云山熹景 ,3,,
警察学院家属区 ,3,113.231499,23.197814
同德花园同景苑 ,3,113.236935,23.166675
康雅花园 ,3,113.258918,23.182498
金泉山庄 ,3,113.280539,23.161101
万科蓝山 ,3,113.344272,23.23326
民航小区康寿街 ,3,113.259238,23.178089
云西小区 ,3,113.269975,23.166983
阳光花园 ,3,113.231482,23.181678
合一国际 ,3,113.328339,23.191786
银苑大厦(白云) ,3,,
恒大御府 ,3,113.328243,23.176638
云山锦绣家园 ,3,113.273725,23.175435
广信春兰花园 ,3,113.32708,23.184135
元邦航空家园 ,3,113.259019,23.204956
华兴苑 ,3,113.265714,23.164246
合益街31号大院 ,3,113.248513,23.175172
岗贝路101号-123号宿舍(单号) ,3,113.25592,23.180087
明月金岸花园 ,3,113.403335,23.107388
云涛花园 ,2,113.328147,23.197798
丝绸大厦 ,2,113.300685,23.131142
旧云东小区 ,2,113.327287,23.195293
富力碧涛湾 ,2,113.220889,23.149752
京溪尚苑 ,2,113.335401,23.18038
景泰名苑 ,2,113.267253,23.161151
上步花园 ,2,113.236641,23.17028
保利春天里 ,2,113.200015,23.160408
盈翠华庭 ,2,113.272564,23.169274
侨德花园 ,2,113.236484,23.162769
深业金翠湾 ,2,113.2101,23.170723
嘉福楼 ,2,113.260248,23.192189
利海绿洲花园 ,2,113.312044,23.237382
梅宾东宿舍 ,2,,
嘉德苑 ,2,,
新世界嘉云府 ,2,113.293269,23.079234
南湖半山东苑 ,2,113.344186,23.223067
同沙路 ,2,113.330082,23.195214
同德花园同雅苑 ,2,113.234872,23.167753
宏航苑 ,2,113.256692,23.188233
黄石小区 ,2,113.266119,23.209839
中海金沙馨园一期 ,2,113.204464,23.145184
骏御华庭 ,2,113.257055,23.183695
万科爱地住宅区 ,2,113.308229,23.108406
华宇苑 ,2,113.223155,23.151869
星汇晴轩 ,2,113.255958,23.169333
华德大厦 ,2,,
圣雅堡 ,2,113.223011,23.150565
百荣园 ,2,,
时代天朗花园 ,2,113.332124,23.192525
富力城南区 ,2,113.261961,23.245281
汇美苑 ,2,113.257418,23.167437
紫来居 ,2,113.271069,23.170672
怡富尚苑 ,2,113.225315,23.204951
惠泽雅轩 ,1,113.220986,23.15773
保利珑熙 ,1,113.221009,23.147093
广信白兰花园 ,1,113.26783,23.169888
万科云山花园 ,1,113.310049,23.245297
民航小区向云西街 ,1,113.260535,23.16558
云景花园云桦苑 ,1,113.331591,23.184621
云东花园 ,1,113.273191,23.168348
云山居 ,1,113.298038,23.211796
万科o境 ,1,113.273916,23.172287
枫溪苑 ,1,113.257582,23.180587
松云雅苑 ,1,113.292364,23.208007
白云高尔夫花园西区 ,1,113.265731,23.200413
岗贝路海棠居 ,1,113.257078,23.180504
嘉景园 ,1,113.257934,23.193755
中海金沙馨园二期西区 ,1,113.204549,23.148216
贝丽花园 ,1,113.256806,23.179537
怡新花园 ,1,113.322498,23.17511
京华雅居 ,1,113.256284,23.186914
嘉利苑 ,1,113.257187,23.168354
汇祥苑 ,1,,
万方园 ,1,113.258856,23.17205
保利金沙大都汇 ,1,113.20976,23.150318
静心林语园 ,1,,
汇雅花园 ,1,113.329392,23.278311
云泉居 ,1,113.269807,23.169591
绿地时代云都汇 ,1,113.267371,23.206402
汇侨新苑 ,1,,
广州市司法学校黄边校区 ,1,113.285379,23.222491
佳兆业天墅 ,1,113.328525,23.202893
南湖半岛花园 ,1,113.337468,23.214041
建发央玺 ,1,113.233257,23.191977
腾龙阁 ,1,113.25951,23.171171
佳兆业天御 ,1,113.328467,23.177851
大城云山 ,108,113.49141,23.452709
华标荔苑 ,46,113.490846,23.450043
紫泉翠荔嘉园 ,40,113.486979,23.442353
时代印象 ,39,113.494597,23.454192
珠江国际城 ,32,113.216314,23.079285
人盛巴厘天地 ,32,113.534725,23.491611
富力泉天下 ,26,113.648285,23.633991
智汇国际 ,25,113.491774,23.446334
上雅君庭 ,24,113.492583,23.44666
新光百德广场 ,23,113.491924,23.448141
雅居乐小院流溪 ,22,113.56532,23.514229
荔林春晓 ,17,113.493357,23.446398
逸泉山庄 ,17,113.567826,23.505885
珠光御景山水城 ,11,113.6153,23.586713
东方夏湾拿 ,9,113.502677,23.469746
碧桂园荔山雅筑 ,8,113.566847,23.502088
紫泉流溪湾 ,6,113.472402,23.441502
珠光流溪御景 ,5,113.563149,23.523355
珠光山水御苑 ,5,113.622712,23.589035
雅居乐滨江花园 ,5,113.592794,23.535357
时代幸汇 ,5,113.609028,23.532129
七星路 ,4,113.602371,23.537545
逸泉映翠 ,4,113.541197,23.487716
雅居乐滨江雅苑 ,3,113.47806,23.431665
荔枝花园 ,3,113.581786,23.536641
从化怡景楼 ,3,113.493907,23.439992
银农楼 ,3,,
托斯卡纳(从化区) ,2,113.615875,23.613543
上城湾畔B区 ,2,113.588175,23.527463
西宁中路 ,2,113.587892,23.550881
碧桂园御湖城二期 ,2,113.633315,23.573385
回归路小区 ,2,113.492558,23.4411
莱茵水岸 ,2,,
方圆明月山溪 ,2,113.634318,23.629203
星汇峰 ,2,113.493216,23.441089
鸿运楼 ,2,113.22607,23.393743
东成路 ,2,113.590096,23.547933
骏逸湖畔花苑 ,2,113.504006,23.420764
镇北路 ,1,113.594196,23.554552
新村北路 ,1,113.584781,23.554115
宏业楼 ,1,,
雍晟美景家园 ,1,113.5835,23.551905
河滨北路 ,1,113.605728,23.553532
龙井村 ,1,113.598886,23.545201
欣荣宏国际商贸城 ,1,113.59078,23.530824
玫瑰@ ,1,113.272516,23.093131
雍禾苑 ,1,113.579157,23.537456
建云东路 ,1,113.588288,23.543032
丰盈雅居 ,1,113.491457,23.441685
碧桂园从化1960 ,1,113.592606,23.551209
星河绿洲 ,1,,
侨宏花园 ,1,113.639099,23.637723
凤仪西路 ,1,113.583129,23.54144
御景宏雅花园 ,1,113.600783,23.530338
中田北路 ,1,113.586559,23.544123
城内路 ,1,113.581466,23.547579
爱尚流溪 ,1,113.617857,23.569977
彩虹苑 ,1,113.491274,23.441112
名城御景绿洲 ,1,113.600783,23.530338
新平路 ,1,113.337233,22.94356
太平花园 ,1,113.484611,23.430748
金碧花园第一金碧 ,22,113.287751,23.068768
第二金碧花园 ,15,113.283668,23.070876
滨江东路(海珠) ,14,,
江南西路 ,13,113.271099,23.094876
第三金碧花园 ,12,113.288523,23.064624
晓港湾 ,11,113.292508,23.069835
晓港中马路 ,10,113.283956,23.091449
纺织路(海珠) ,10,113.263777,23.109847
江南大道中 ,9,113.273547,23.098282
前进路(海珠) ,9,113.263777,23.109847
聚龙花园 ,9,113.253359,23.101226
万科金域华庭 ,9,113.25321,23.103002
逸景翠园 ,9,113.307656,23.083728
荔福路 ,9,113.262397,23.090809
富基广场A区 ,8,113.326705,23.187735
同福西路 ,8,113.252882,23.102615
华保花园 ,8,113.33543,23.088715
昌岗东路 ,7,113.281647,23.092834
万寿路 ,7,113.280863,23.102448
保利红棉花园 ,6,113.276925,23.074932
洪德路 ,6,113.251978,23.104186
五一新村 ,6,113.262262,23.088339
星汇湾花园 ,6,113.266689,23.074821
海城花苑 ,6,113.285125,23.106298
保利丰花园 ,6,113.253232,23.100071
翠城花园 ,6,113.270947,23.082991
洪德雅苑 ,5,113.256537,23.097899
侨诚花园 ,5,113.291794,23.068968
南华东路 ,5,113.268516,23.110767
沙园 ,5,113.265104,23.085737
大江苑夏沙巷 ,5,113.310533,23.100101
滨江西路 ,5,113.248006,23.10346
晓港西马路 ,5,113.282939,23.091437
同福中路 ,5,113.260544,23.105181
海印南苑 ,4,113.286532,23.100538
海悦大厦 ,4,113.261137,23.107032
海外花园 ,4,113.275097,23.08682
雅景苑 ,4,113.308868,23.100253
侨诚花园宝通街 ,4,113.289786,23.070611
同福东路 ,4,113.266344,23.106807
工业大道北 ,4,113.256088,23.094763
建基路 ,3,113.286824,23.099829
昌岗中路 ,3,113.269933,23.086098
电子七所大院 ,3,,
珠江广场 ,3,113.309646,23.103324
南华西路 ,3,113.256739,23.105767
雅致花园 ,3,113.274378,23.074177
富基广场B区 ,3,113.270057,23.106971
晓燕湾 ,3,113.27793,23.079302
福雅居 ,3,113.253245,23.102165
滨江1933 ,3,113.262716,23.108972
南村路 ,3,113.267512,23.10465
素社新村 ,3,113.280521,23.103698
富力千禧花园 ,3,113.287312,23.095686
金雅苑 ,3,113.293409,23.102931
泰沙路 ,3,113.28558,23.083133
金汇花园 ,3,,
乐居苑 ,3,113.260766,23.095813
南丽苑 ,3,113.323166,23.097834
南田路 ,3,113.264394,23.098954
瑞康大厦 ,3,113.296902,23.087234
凤凰新村 ,3,113.253976,23.091885
宏宇广场 ,3,113.263052,23.1011
保利花园 ,3,113.273873,23.070692
润汇大厦 ,3,113.269841,23.094692
海意名苑 ,3,113.269805,23.101554
嘉鸿花园 ,3,113.291424,23.066229
双子星城 ,3,113.299297,23.088973
梅园阁 ,2,113.255286,23.094286
凤阳小区 ,2,113.286724,23.083052
浪琴居 ,2,113.307348,23.102145
保利百合花园二期 ,2,113.277292,23.073414
嘉丽苑 ,2,113.270212,23.098331
江燕花园 ,2,113.278325,23.079332
怡乐路13号大院 ,2,113.291843,23.102915
新城国际 ,2,,
聚宝阁 ,2,,
金融街融御 ,2,113.27666,23.06438
凤安花园 ,2,113.252661,23.097093
雅郡花园 ,2,113.386718,23.091938
海韵轩 ,2,113.251323,23.094086
滨江瑞城 ,2,113.295994,23.06848
南洲名苑 ,2,113.295838,23.066393
江南美景花园 ,2,113.292907,23.09102
金影花园 ,2,113.32138,23.092369
梅园南路 ,2,113.257687,23.092593
小港路 ,2,113.270263,23.108914
邦泰公馆 ,2,113.339343,23.099067
金丰花园 ,2,113.328088,23.087096
同庆路 ,2,113.264844,23.109533
丽景花苑 ,2,113.338815,23.097893
天汇大厦 ,2,113.275625,23.097241
宝岗大道 ,2,113.266861,23.0935
富泽园 ,2,113.252988,23.092012
海富花园 ,2,113.277736,23.083776
广东教育学院 ,2,113.317264,23.100727
新港西路99号大院 ,2,113.292528,23.092418
南北广场 ,2,113.262176,23.10093
南景园 ,2,113.276031,23.079586
英豪花园 ,2,113.299131,23.068403
嘉仕花园东区 ,2,113.295046,23.10176
东翠花园 ,2,113.289885,23.101793
中旅侨苑 ,2,113.272585,23.088399
怡乐路 ,2,113.290385,23.09751
珠江帝景苑 ,2,113.330384,23.102132
光大花园水岸榕城 ,2,113.260308,23.085585
自由心岸 ,2,113.284722,23.105225
穗花新村 ,2,113.275968,23.096273
光大花园 ,2,113.257471,23.085674
保利百合花园 ,2,113.277292,23.073414
怡安花园 ,2,113.274351,23.108346
建基路电信大厦 ,2,113.286824,23.099829
润南花园 ,2,113.282177,23.084164
金满楼(海珠区) ,2,,
怡雅苑(海珠) ,1,113.263777,23.109847
广东轻工学院宿舍 ,1,,
海天花苑 ,1,113.314068,23.101741
光大花园中海锦榕湾 ,1,113.258819,23.084844
荔福花园 ,1,113.261138,23.092063
珠光高派华庭 ,1,113.30483,23.102211
纵横公寓 ,1,113.330616,23.095816
合生颐景华苑 ,1,113.295556,23.070358
怡雅居 ,1,113.330311,23.088772
经典居 ,1,113.314853,23.101126
中信乐涛苑 ,1,113.308542,23.099176
金星花园 ,1,113.33742,23.0882
港务局宿舍 ,1,113.249822,23.099008
鸣翠花园 ,1,113.285506,23.06741
翠馨华庭 ,1,113.315192,23.084334
叠彩园 ,1,113.310744,23.086129
远洋宿舍（晓港） ,1,113.440012,23.098965
广纸小区 ,1,,
花城湾畔 ,1,113.277248,23.111618
荔福小区 ,1,113.261182,23.090892
朗晴居二期 ,1,113.273065,23.109872
富力顺意花园 ,1,113.274224,23.076046
坚真花园 ,1,113.326916,23.081699
杏坛小区 ,1,113.268366,23.098155
沙园路(海珠) ,1,,
会展西岸 ,1,113.33647,23.099224
江南新苑 ,1,113.286969,23.091923
锦丽居 ,1,113.290898,23.071849
橡胶新村102号大院 ,1,113.254054,23.064414
东晓大厦 ,1,113.285724,23.097178
南翠苑 ,1,113.282696,23.094796
南方花园 ,1,113.2755,23.088351
电器研究所 ,1,113.309498,23.094253
康怡花苑 ,1,,
可逸家园 ,1,113.269544,23.092013
荔海鸣蝉花园 ,1,113.329461,23.081715
雅居乐海珠小雅 ,1,113.275585,23.067156
聚德花苑 ,1,113.327932,23.084867
军休五所家属院 ,1,,
赤岗三街2至28号小区 ,1,113.327821,23.089782
海珠半岛花园 ,1,113.29376,23.103927
礼岗路 ,1,113.276002,23.086912
敦和花园 ,1,113.314177,23.091181
粤信广场阳光公寓 ,1,113.331875,23.09406
顺景雅苑 ,1,113.293313,23.0893
富景花园 ,1,113.289665,23.091998
缝纫机厂宿舍 ,1,,
海琴湾宜利苑 ,1,113.307044,23.102862
丽海雅居 ,1,113.281968,23.108811
梅园西路 ,1,113.254804,23.093999
光大花园榕城尚品公寓 ,1,113.255516,23.083875
赤岗路 ,1,113.327437,23.090585
悦龙阁 ,1,113.285411,23.103228
海景阁 ,1,113.290083,23.103582
仲恺路 ,1,113.280398,23.104948
奇星药厂宿舍 ,1,113.327015,23.098833
新港中路 ,1,113.324945,23.096188
富力金禧花园 ,1,113.26069,23.106089
江南嘉居 ,1,113.370649,22.992466
丰盈居 ,1,113.314012,23.102847
碧海大厦 ,1,,
革新路 ,1,113.253928,23.09132
燕子岗路 ,1,113.279095,23.077318
南边路(海珠区) ,1,,
星御翠园 ,1,113.29983,23.08069
逸翠居 ,1,113.280172,23.079813
工业大道中福南新街 ,1,113.367901,22.92981
同乐大厦 ,1,113.263923,23.1062
石岗路34号大院 ,1,113.276196,23.069304
翠怡小区 ,1,113.280316,23.083818
细岗路 ,1,113.280743,23.091535
晓园新村晓园新 ,1,113.281966,23.086998
赤岗二街1号大院 ,1,113.328308,23.090725
晓园新村晓园东 ,1,113.281547,23.088646
南华花园 ,1,113.289042,23.086726
汇龙居 ,1,113.330314,23.089739
昌盛小区 ,1,113.259961,23.095469
怡龙大厦 ,1,113.259737,23.102098
米兰苑 ,1,113.316839,23.103288
海珠花园窝趣公寓 ,1,113.301808,23.068074
晓港东三马路 ,1,113.288557,23.089858
橡胶新村远洋宿舍 ,1,113.254054,23.064414
广船宿舍 ,1,,
新港西路 ,1,113.300125,23.091618
蓝色快线 ,1,113.270786,23.106218
滨江中路 ,1,113.279943,23.109802
豪丰园 ,1,113.262949,23.10816
南村水产大院 ,1,113.45074,23.094564
自由人花园 ,22,113.222395,23.344972
天马丽苑二期 ,19,113.185073,23.368747
雪域澜庭A1区 ,16,113.229405,23.432372
班芙小镇 ,16,113.223316,23.479119
时代城 ,12,113.543415,23.111907
富力金港城东区 ,12,113.361344,23.458405
花城路 ,10,113.212915,23.38156
绿地空港国际中心 ,9,113.262877,23.369141
祈福天龙苑 ,9,113.194928,23.371177
雅居乐锦城花漾集 ,9,113.190728,23.416799
豪利花园 ,9,113.249223,23.359871
雅居乐花城雅郡 ,8,113.191888,23.360074
名门国际 ,8,,
祈福万景峰 ,8,113.198767,23.370354
建设北路 ,8,113.205262,23.398743
保利城 ,7,113.164353,23.375358
云峰学府花园 ,7,113.174295,23.427156
云峰花园 ,7,113.245625,23.37843
越秀臻悦府 ,7,113.240445,23.37734
富丽花园 ,6,113.193199,23.381257
学府南苑 ,6,113.178557,23.422532
峰境园 ,6,,
保利悦廷 ,6,113.181596,23.376513
金联市场 ,6,113.223198,23.381802
凯旋国际 ,5,113.236731,23.407927
中建・映花悦府 ,5,113.189477,23.360303
雪域澜庭A2区 ,5,113.226253,23.430546
福宁路 ,5,113.338822,22.965938
花都颐和山庄 ,5,113.273891,23.5129
东方文德森岛湖 ,4,113.192317,23.430442
颐和盛世 ,4,113.076489,23.237277
致岭假日花园 ,4,113.187304,23.444569
万科天景花园 ,4,113.182416,23.37338
宝铼雅居 ,4,113.164334,23.395909
荔园悦享花醍 ,4,,
绿地新里缇香公馆 ,4,113.206213,23.407753
中新花园 ,4,113.193566,23.374294
祈福辉煌台 ,4,113.192905,23.37523
豪利幸福里 ,4,113.192611,23.443123
富力金港城南区 ,4,113.356941,23.457068
广州融创文旅城B1区 ,4,113.267121,23.1228
富庄庭 ,3,113.227175,23.387046
风神花园 ,3,113.15542,23.380076
祈福生活无限 ,3,113.236407,23.38633
雅居乐雍华廷二期 ,3,113.234689,23.398862
碧泰豪苑 ,3,113.209199,23.410879
岭南公馆 ,3,,
豪骏名苑 ,3,113.197232,23.380935
智烨山水豪庭 ,3,113.190319,23.439547
湖畔花园 ,3,113.220956,23.372619
雅居乐・岭会 ,3,113.228921,23.469193
南航碧花园D区 ,3,113.191315,23.483842
雅居乐万科热橙 ,3,113.277932,23.441501
芷兰苑 ,3,113.208298,23.397082
金花园小区 ,3,113.206179,23.390306
勤天安合商务大厦 ,3,113.246221,23.383363
万虹花园 ,3,113.18484,23.468353
碧桂园星港国际 ,3,113.248224,23.387387
家和逸品苑 ,3,113.208625,23.402028
粮食局小区 ,3,113.207489,23.372188
商业大道 ,3,113.238964,23.389974
青云楼 ,3,113.212874,23.383184
新中路 ,3,113.211267,23.368898
嘉汇城一期 ,3,113.231546,23.334435
双赢如家公寓 ,3,113.195071,23.379202
逸泉韵翠花园 ,3,,
华南苑 ,2,113.212087,23.3701
文苑小区 ,2,113.351948,23.301414
骏威锦东花园C区 ,2,113.228187,23.408925
东晖名苑 ,2,113.216117,23.404396
美力花园 ,2,,
公园前9号小区 ,2,113.265467,23.128343
花城苑 ,2,113.296633,23.109146
雅居乐雍逸豪庭 ,2,113.379503,23.010132
华景雅苑德维轩 ,2,113.190919,23.412476
华侨花园 ,2,113.218645,23.39312
工会大厦 ,2,113.276819,23.118065
松园大厦(花都区) ,2,,
东骏花园 ,2,113.214369,23.402117
天马河壹号 ,2,113.183617,23.377081
中房观湖国际 ,2,113.223384,23.372578
小城之春雅居 ,2,113.360185,23.136551
云珠花园 ,2,113.229802,23.398225
福虹阳光美地 ,2,113.203556,23.398364
新鸿基御华园 ,2,113.192474,23.447142
紫薇丽都 ,2,113.231154,23.403821
建设路(花都区) ,2,,
芙蓉春晓 ,2,113.230571,23.470628
万科兰乔圣菲 ,2,113.238524,23.501007
雅居乐汇通广场 ,2,113.189451,23.422386
广州融创文旅城商务公寓 ,2,113.285092,23.097962
新华路 ,2,,
云山大道 ,2,113.215197,23.384741
桐悦花园 ,2,,
花城美汇 ,2,113.215513,23.376183
花城悦翠园 ,2,113.273184,23.441489
中建天骄 ,2,113.265106,23.165964
桃源盛世名苑 ,2,113.212327,23.424056
花都站前路 ,2,113.203834,23.38205
裕兴新村 ,2,113.200138,23.394124
公园前路 ,2,113.211446,23.380167
富雅西苑小区 ,2,113.191925,23.412636
天贵雅苑D区 ,2,113.224219,23.429766
金河湾花园一期 ,2,113.22547,23.384576
美雅苑 ,2,113.220577,23.394094
美林轩逸时光 ,2,113.308334,23.097684
合和新城 ,2,113.255899,23.371045
俊怡御景花园 ,2,113.209788,23.418374
雅居乐雍华廷一期 ,2,113.234689,23.398862
凤凰御景 ,2,113.235392,23.405818
天马河壹号一期 ,2,113.184208,23.373348
五洲花园 ,2,113.224256,23.383004
雅宝新城 ,2,113.184596,23.430638
顺景楼(花城路) ,2,113.213943,23.380381
来福花园 ,1,113.22606,23.382455
银雅华庭 ,1,113.207503,23.395174
凤华路13号 ,1,113.206341,23.39079
新花苑小区 ,1,113.216397,23.379681
红珠路 ,1,113.357062,23.358139
益登华庭 ,1,113.176381,23.457863
深航御花园 ,1,113.28082,23.084672
新都园 ,1,113.204712,23.396858
钻石豪庭 ,1,113.226587,23.404657
融创雪域华庭 ,1,,
荣威楼 ,1,113.208053,23.390249
豪逸名苑 ,1,113.193113,23.378333
天贵雅苑A区 ,1,113.224624,23.431671
在水一方 ,1,113.239026,23.150806
卓粤卓雅名苑 ,1,113.211182,23.423729
永大新城 ,1,113.214935,23.395637
尚品雅居山语 ,1,113.300382,23.336792
越秀臻裕府 ,1,,
嘉都汇 ,1,113.263427,23.375407
祈福聚龙堡 ,1,113.272706,23.43765
狮峰公馆 ,1,113.183545,23.377596
逸贤苑 ,1,113.201675,23.401769
秀全大道 ,1,113.212734,23.379591
融创天h ,1,113.224877,23.423152
金地商置o华 ,1,,
金碧御水山庄 ,1,113.204089,23.488477
勤天一品树院 ,1,113.225579,23.492726
嘉华世家 ,1,113.182264,23.456294
永星景苑 ,1,113.184234,23.378919
凤华路 ,1,113.205546,23.390301
秀全苑 ,1,113.215643,23.401949
怡翠苑 ,1,113.199004,23.400275
新晖朗悦居 ,1,113.233204,23.386138
骏辉雅苑 ,1,113.212496,23.418664
嘉爵园 ,1,113.210288,23.419551
清狮花园 ,1,113.154202,23.460486
凯旋大厦 ,1,113.20729,23.374008
富都楼 ,1,,
好美嘉园 ,1,113.1116,23.332089
嘉华广场 ,1,113.32738,23.175469
友田大厦 ,1,113.172516,23.455939
炭步楼 ,1,113.203688,23.394166
馨泉花园 ,1,113.259734,23.403989
广晟中铁建花语天A ,1,,
阳光城兰园翡丽湾 ,1,,
粤富花园 ,1,113.221796,23.382453
新景豪苑 ,1,113.20063,23.400818
倚湖居 ,1,113.190826,23.441099
海怡阁 ,1,,
日昌豪苑 ,1,113.226989,23.384609
路劲隽悦豪庭一期 ,1,113.193801,23.417713
百业广场 ,1,113.217194,23.400389
金都花园 ,1,113.193576,23.38013
荣华楼 ,1,113.250163,23.122036
永福大厦 ,1,113.202255,23.389016
侨苑小区(花都区) ,1,113.318697,23.139874
马鞍山一号 ,1,113.233304,23.390968
远洋芙蓉墅 ,1,113.218688,23.494735
怡康花园(花都) ,1,,
京仕广场 ,1,113.258277,23.375398
广州融创文旅城B3区 ,1,113.267405,23.122556
时代云港 ,1,113.235989,23.344435
凯旋门 ,1,113.226248,23.41202
大城云山 ,99,113.49141,23.452709
竹丝岗大马路 ,24,113.293613,23.128062
华标荔苑 ,16,113.490846,23.450043
智汇国际 ,8,113.491774,23.446334
时代印象 ,7,113.494597,23.454192
农林下路 ,6,113.297696,23.12938
梅花村 ,6,113.305896,23.127078
万科金色家园 ,5,113.298975,23.130646
城西花园 ,5,113.209683,23.157618
荔林春晓 ,5,113.493357,23.446398
东华东路 ,5,113.290819,23.121187
锦绣新天地 ,4,113.622938,23.118887
上雅君庭 ,4,113.492583,23.44666
天马丽苑二期 ,4,113.185073,23.368747
纺织路(海珠) ,4,113.263777,23.109847
聚龙花园 ,4,113.253359,23.101226
竹丝岗二马路39号大院 ,3,113.295855,23.128886
东川路 ,3,113.286208,23.12292
中海誉城北苑 ,3,113.526306,23.163667
越秀岭南山畔 ,3,113.272118,23.124571
富力金港城东区 ,3,113.361344,23.458405
海外花园 ,3,113.275097,23.08682
环市东路 ,3,113.293214,23.135139
福今北 ,3,,
万福路 ,3,113.274078,23.120143
富力环市西苑 ,3,113.239334,23.14163
保利百合花园二期 ,2,113.277292,23.073414
庄士映蝶蓝湾 ,2,113.496982,22.965946
豪骏名苑 ,2,113.197232,23.380935
珠光山水御苑 ,2,113.622712,23.589035
华侨城(番禺) ,2,,
梅园阁 ,2,113.255286,23.094286
东风东路754号之一大院 ,2,113.300452,23.130713
文德路 ,2,113.271786,23.122986
大德路 ,2,113.259438,23.118095
中山二路 ,2,113.290929,23.125031
竹丝岗二马路 ,2,113.296188,23.128508
泰沙路 ,2,113.28558,23.083133
御金沙 ,2,113.204835,23.166689
东湖铭泰公馆 ,2,113.288828,23.118271
江南西路 ,2,113.271099,23.094876
岐山中路 ,2,113.439148,22.956634
华润置地・瑞府 ,2,113.430422,23.142431
东方花园3区 ,2,113.379067,22.930968
嘉丽苑 ,2,113.270212,23.098331
力迅商务大厦 ,2,113.342135,23.115433
福景园 ,2,,
招商雍景湾北区 ,2,,
珠江铂世湾 ,2,113.364644,23.023344
雅居乐雍华廷二期 ,2,113.234689,23.398862
建设二马路 ,2,113.282206,23.135296
锦绣花园南区 ,2,113.310483,22.969417
珠江嘉园 ,2,113.557093,23.197305
顺欣花园 ,2,113.617465,23.146235
锦绣半岛西区 ,2,113.257631,23.041574
祈福新村天湖居 ,2,113.341657,22.95958
百合苑B区 ,2,113.371261,23.117419
鸿图苑 ,2,113.225959,23.084721
倚莲半岛花园 ,2,113.491517,22.996887
小北路 ,2,113.271763,23.134039
电子五所宿舍 ,2,113.681723,23.275091
天成居 ,2,113.390512,23.11506
金燕花苑 ,2,113.329213,23.157812
凯德山海连城二期 ,2,113.510504,23.015357
白云家园 ,2,113.323897,23.178478
环市西路 ,2,113.247181,23.145309
海力花园 ,2,113.573597,22.800845
新城市宜家 ,2,113.314413,23.0187
电视台小区 ,2,113.256301,23.168137
盈富居 ,2,113.227803,23.145161
绿地珑h府 ,2,113.844207,23.271902
观海美寓 ,2,113.576823,22.744065
春鸿居 ,2,113.294262,23.213619
怡乐路13号大院 ,2,113.291843,23.102915
万科天景花园 ,2,113.182416,23.37338
时代柏林 ,2,113.357473,22.919053
亚运城媒体村(南区) ,2,113.475015,22.944376
自在城市花园四期诺德名筑 ,2,113.346242,22.988315
金碧花园第一金碧 ,2,113.287751,23.068768
阳光城丽景湾・星悦 ,2,113.543333,22.818314
北丽园 ,2,113.363237,22.943476
中海康城 ,2,113.40232,23.132888
岭南新世界 ,2,113.294217,23.23228
银建小区 ,2,113.242868,23.13108
华景雅苑德维轩 ,2,113.190919,23.412476
万科里享家 ,2,113.567227,23.196649
保利丰花园 ,2,113.253232,23.100071
祈福新村康怡居 ,2,113.325406,22.958314
奥园广场 ,2,113.361094,22.924262
时代城 ,2,113.543415,23.111907
富力新居 ,2,113.236325,23.133619
汇侨新城北区 ,2,113.257198,23.200033
保利城 ,2,113.164353,23.375358
杨巷路 ,2,113.249872,23.114077
华景新城怡景园 ,2,113.514375,22.827732
金泽华庭 ,2,113.618552,23.11519
雅景苑 ,2,113.308868,23.100253
康裕园 ,2,113.353925,22.943586
龙津西路 ,2,113.237134,23.122199
碧桂园凤凰城凤盈苑 ,2,113.562779,23.128719
峰境园 ,2,,
金雅苑 ,2,113.293409,23.102931
富雅名居 ,2,113.612964,23.13159
保利麓苑 ,2,113.284012,23.141228
江南大道中 ,2,113.273547,23.098282
雪域澜庭A2区 ,2,113.226253,23.430546
龟岗大马路 ,2,113.294778,23.121344
农林华府 ,2,113.29642,23.132274
福雅居 ,2,113.253245,23.102165
海印苑 ,2,113.288565,23.119419
气象局大院 ,2,113.303056,23.129262
万科山景城 ,2,113.525303,23.210752
珠光路 ,1,113.273063,23.118639
先烈中路 ,1,113.298348,23.139859
教育路(越秀) ,1,,
桨栏路 ,1,113.252524,23.112276
多宝华厦 ,1,113.239677,23.116235
东华市场东华东路 ,1,113.281194,23.447405
培正路 ,1,113.297064,23.118837
惠福东路 ,1,113.265427,23.120612
同庆路 ,1,113.264844,23.109533
锦桦大厦锦桦荟 ,1,113.288068,23.122083
广船鹤园小区 ,1,113.24037,23.074128
雅居乐雍逸豪庭 ,1,113.379503,23.010132
珠光流溪御景 ,1,113.563149,23.523355
新福港鼎峰 ,1,113.486532,23.17862
海富花园 ,1,113.277736,23.083776
富力伯爵山 ,1,113.587608,22.764417
万科南方公元 ,1,113.501579,22.805942
西福蓝湾 ,1,113.676094,23.270952
应元路 ,1,113.26733,23.134909
美力花园 ,1,,
保利中航城二期 ,1,113.242327,23.064409
万科城 ,1,113.449526,23.185493
华侨花园 ,1,113.218645,23.39312
越秀滨海悦城 ,1,113.530759,22.792643
富庄庭 ,1,113.227175,23.387046
花都颐和山庄 ,1,113.273891,23.5129
亚运城天o1区 ,1,113.490313,22.947399
南方电网宿舍 ,1,113.318964,23.132887
滨江西路 ,1,113.248006,23.10346
保利东江首府 ,1,113.631639,23.109092
尚东阳光 ,1,113.574632,23.102795
雅居乐小院流溪 ,1,113.56532,23.514229
颐和盛世 ,1,113.076489,23.237277
时代南湾 ,1,113.59206,22.777407
豪进山湖BZ ,1,113.592001,23.116063
祈福缤纷汇 ,1,113.331628,22.9704
南田路 ,1,113.264394,23.098954
广园云苑新村 ,1,113.270306,23.165669
新城国际 ,1,,
托斯卡纳(从化区) ,1,113.615875,23.613543
科慧花园 ,1,113.673032,23.280088
时代印记(广州) ,1,113.488898,23.401556
福龙苑 ,1,113.333352,23.154304
金地香山湖 ,1,113.616578,23.224196
中惠璧珑湾 ,1,113.530164,22.800446
岭南公馆 ,1,,
雪域澜庭A1区 ,1,113.229405,23.432372
德安新村 ,1,113.374279,22.935101
工会大厦 ,1,113.276819,23.118065
豪景花园 ,1,113.207511,23.156296
紫泉翠荔嘉园 ,1,113.486979,23.442353
天马河壹号 ,1,113.183617,23.377081
雄峰城 ,1,113.303486,22.970797
盘福路 ,1,113.259215,23.133346
上城湾畔B区 ,1,113.588175,23.527463
海伦堡流金岁月 ,1,113.352247,22.925684
风神花园 ,1,113.15542,23.380076
华侨乐园 ,1,113.290183,23.142804
万科城市之光E区 ,1,113.462436,23.102638
碧桂园映象 ,1,113.624265,23.365298
碧桂园豪进左岸 ,1,113.803323,23.182188
天河广场 ,1,113.403072,23.12222
珠江花园 ,1,113.345807,23.031561
祈福新村青怡居 ,1,113.325288,22.964811
东骏花园 ,1,113.214369,23.402117
广州敏捷绿湖首府 ,1,113.788556,23.200594
南沙奥园 ,1,113.592807,22.755399
西湾苑 ,1,113.245167,23.145753
光大花园中海锦榕湾 ,1,113.258819,23.084844
金山谷尚层 ,1,113.347407,22.977775
西华路 ,1,113.246943,23.132227
聚宝阁 ,1,,
亚太新城富丽园 ,1,113.609542,23.127526
东方白云花园 ,1,113.389467,22.948761
文船生活区新东区 ,1,113.481098,23.097455
沙和路 ,1,113.316613,23.155682
祈福辉煌台 ,1,113.192905,23.37523
港航华庭 ,1,113.580338,22.797083
南沙湾东苑 ,1,113.609965,22.765073
陈岗路 ,1,113.250314,23.141473
侨怡苑 ,1,113.3302,23.140668
福宁路 ,1,113.338822,22.965938
阳光城丽景湾・澜悦 ,1,113.543333,22.818314
晓港西马路 ,1,113.282939,23.091437
中房观湖国际 ,1,113.223384,23.372578
恒大山水城 ,1,113.616693,23.295822
富丽家园乳芳园 ,1,113.312073,23.027245
星誉花园 ,1,113.358999,22.96271
公园前9号小区 ,1,113.265467,23.128343
华景新城泽晖苑 ,1,113.362231,23.139277
湖畔花园 ,1,113.220956,23.372619
中新紫荆府 ,1,113.648548,23.275542
金建苑 ,1,113.330471,23.160298
丽江花园华林居 ,1,113.299563,23.031076
亚运城媒体北村 ,1,113.496839,22.945668
蓝色康园 ,1,113.302992,23.102294
保利拾光年 ,1,113.528299,23.333533
洪德雅苑 ,1,113.256537,23.097899
东晖名苑 ,1,113.216117,23.404396
祥景花园AC区 ,1,113.270668,23.204335
富泽园 ,1,113.252988,23.092012
方圆明月山溪 ,1,113.634318,23.629203
永福路永福西约 ,1,113.302899,23.147246
萝岗敏捷广场 ,1,113.482102,23.191191
亚运城天成 ,1,113.476266,22.946748
金泽花园 ,1,113.617201,23.11735
龙湾广场 ,1,113.206091,23.117307
区庄村 ,1,113.295541,23.134807
棠德花苑 ,1,113.381765,23.134095
顺德碧桂园芷兰湾 ,1,113.286421,22.92122
富雅都市华庭 ,1,113.624432,23.13269
广州万科城 ,1,113.449526,23.185493
都府社区 ,1,113.270036,23.129961
东方花园又一村 ,1,113.378398,22.930144
湖滨小区 ,1,113.287067,23.116413
瑞晖花园 ,1,113.220697,23.202648
汇东国际花园 ,1,113.583694,23.118748
人盛巴厘天地 ,1,113.534725,23.491611
金时花园 ,1,113.856105,23.273895
东方名都花园 ,1,113.591429,23.125761
大新路 ,1,113.257055,23.115532
福今西 ,1,,
福今东 ,1,113.304438,23.130844
共和南路 ,1,113.400006,23.381368
创基丽江国际 ,1,113.820531,23.271515
万寿路 ,1,113.280863,23.102448
宏达北路 ,1,113.613,23.108003
丽江花园丽茹楼 ,1,113.300635,23.034434
碧泰豪苑 ,1,113.209199,23.410879
保利心语 ,1,113.330082,23.121811
华景新城怡华台 ,1,113.362803,23.140145
松园大厦(花都区) ,1,,
银都大厦 ,1,113.361394,22.948413
鸿城花园 ,1,,
解放北路(越秀区) ,1,,
城启荔港南湾 ,1,113.229131,23.135575
沙园 ,1,113.265104,23.085737
南华西路 ,1,113.256739,23.105767
菜园东 ,1,113.290075,23.122218
起义路 ,1,113.26488,23.116494
华侨新村 ,1,113.290152,23.138389
小东园 ,1,113.297693,23.123782
新平路 ,1,113.337233,22.94356
天字广场 ,1,113.270535,23.115029
金羊花园 ,1,113.309351,23.126729
合汇学府名郡 ,1,113.581719,23.112255
丰年华庭 ,1,,
市委党校大院 ,1,113.303488,23.146319
海珠中路 ,1,113.256442,23.120514
滨江1933 ,1,113.262716,23.108972
达道路 ,1,113.30176,23.121987
八旗二马路 ,1,113.274443,23.115852
逢源路 ,1,113.239482,23.119889
执信南路 ,1,113.292997,23.127447
惠福西路 ,1,113.259128,23.119982
珠岛花园 ,1,113.223957,23.131125
多宝路 ,1,113.238558,23.116614
长堤大马路 ,1,113.257447,23.11035
新河浦路 ,1,113.293145,23.119183
龟岗四马路 ,1,113.294288,23.120802
珠光雅居 ,1,113.275079,23.118071
东湖北大院 ,1,113.291528,23.118458
西华路 ,28,113.246943,23.132227
珠岛花园 ,19,113.223957,23.131125
环市西路 ,16,113.247181,23.145309
中山七路 ,15,113.249294,23.125641
城启荔港南湾 ,15,113.229131,23.135575
万科柏悦湾 ,13,113.221811,23.120737
龙津西路 ,12,113.237134,23.122199
西湾东路 ,12,113.243921,23.141159
新世界凯粤湾 ,11,113.214541,23.115768
富力环市西苑 ,10,113.239334,23.14163
花语水岸 ,10,113.215843,23.125963
南岸路 ,10,113.230436,23.133314
金道花园 ,9,113.815363,23.275428
金湾明珠 ,9,113.223114,23.131579
万科海上传奇 ,8,113.232385,23.102829
富力新居 ,7,113.236325,23.133619
西湾路 ,7,113.241577,23.149424
黄沙大道 ,7,113.231779,23.11686
宝华路(荔湾) ,7,,
岭南湾畔 ,6,113.240072,23.150923
乐怡居 ,6,113.230779,23.084634
龙津东路 ,6,113.25122,23.121753
文昌南路 ,6,113.244396,23.11568
逢源路 ,6,113.239482,23.119889
广雅路 ,6,113.242641,23.140201
多宝路 ,6,113.238558,23.116614
鸿图苑 ,6,113.225959,23.084721
四季花园 ,5,113.232255,23.071171
新世界逸彩庭园 ,5,113.293269,23.079234
北大资源博雅1898 ,5,113.244278,23.072653
合兴苑 ,5,113.230808,23.092355
广船鹤园小区 ,5,113.24037,23.074128
骏业阁 ,5,113.24477,23.115798
站前路(荔湾) ,5,,
悦江上品苑 ,5,113.214983,23.132107
蓬莱路 ,5,113.237087,23.113538
桃源社区 ,5,113.252699,23.128301
西关尚品 ,5,113.24774,23.111907
西湾苑 ,4,113.245167,23.145753
金花苑 ,4,113.250518,23.127824
十八甫北路 ,4,113.245921,23.113624
流花路 ,4,113.250564,23.138232
杨巷路 ,4,113.249872,23.114077
金宇花园 ,4,113.253688,23.060617
陈岗路 ,4,113.250314,23.141473
华发中央公园 ,4,113.236941,23.065643
文昌花园 ,4,,
丰年华庭 ,4,,
西关大厦 ,4,113.249153,23.112446
辉洋苑 ,4,113.228823,23.124506
恒宝华庭 ,4,113.241439,23.117587
恒利翠竹苑 ,4,113.397862,22.942476
华贵路 ,4,113.241989,23.122314
金融街融穗华府 ,4,113.239756,23.066921
恩宁路 ,4,113.238286,23.114231
逸翠湾 ,4,113.241103,23.110797
杉木栏路 ,4,113.247841,23.110393
荔江美筑 ,4,113.215467,23.111763
荔新大厦 ,4,113.241984,23.143592
荷柳苑 ,3,113.229508,23.128109
芳雅苑 ,3,113.218744,23.10825
保利紫林香苑 ,3,113.204491,23.077108
芳和花园 ,3,113.227229,23.076916
葛洲坝广州紫郡府 ,3,113.244061,23.064989
元邦明月星辉 ,3,113.24527,23.120511
龙湾广场 ,3,113.206091,23.117307
中海锦汇华庭（A区） ,3,113.326705,23.187735
桨栏路 ,3,113.252524,23.112276
光复南路 ,3,113.252172,23.114821
翠岛居 ,3,113.219896,23.13554
龙锦大厦 ,3,113.250316,23.12264
世纪广场 ,3,113.246538,23.1239
保利碧桂园・公园大道 ,3,113.614753,23.117655
中山八路 ,3,113.23606,23.125589
环翠园 ,3,113.234823,23.130307
龙津大厦 ,3,113.246181,23.122896
银建小区 ,3,113.242868,23.13108
桥东小区 ,3,113.286327,23.099099
荔尚国际 ,3,,
长乐花苑二期 ,3,,
金花小区 ,3,113.251166,23.129205
南源花园 ,3,113.234823,23.133971
长寿东路 ,2,113.249878,23.118046
丛桂路 ,2,113.237695,23.108214
惠城花园 ,2,113.246318,23.122061
东鹏花园一期 ,2,113.22878,23.081573
金兰苑 ,2,113.221645,23.08244
南京路14号大院 ,2,113.239358,23.14398
保利花海湾 ,2,113.221309,23.089005
大同路(荔湾) ,2,,
富力广场T区 ,2,113.240173,23.123764
路劲隽泷湾 ,2,113.209059,23.081465
宝源路 ,2,113.23914,23.118819
西增路 ,2,113.239358,23.143783
怡芳苑 ,2,113.231789,23.095437
力诚欣悦湾 ,2,113.225774,23.090862
多宝华厦 ,2,113.239677,23.116235
芳华苑 ,2,113.223282,23.105009
周门小区周门北路 ,2,113.240358,23.132084
荔湾路 ,2,113.244113,23.12967
保利东郡 ,2,113.250637,23.066566
十八甫南路 ,2,113.246203,23.1104
上九路 ,2,113.251869,23.11587
十三行路 ,2,113.252339,23.110963
接龙里小区 ,2,113.241941,23.092894
府前阁 ,2,113.222473,23.105362
中信苑 ,2,113.236215,23.126874
西场电器城 ,1,113.233192,23.139429
伟腾阁 ,1,,
荔康大厦 ,1,113.247874,23.128229
中海花湾壹号C区 ,1,113.236401,23.067202
陈岗路2号大院 ,1,113.252072,23.140498
茶蛐麓 ,1,113.228454,23.091275
芳村花园 ,1,113.223544,23.077088
御景壹号 ,1,113.600783,23.530338
保利花香美苑 ,1,113.213006,23.080939
鹅潭湾 ,1,113.209662,23.119513
保利和光晨樾 ,1,113.241551,23.064037
和平南小区 ,1,113.238906,23.1361
牡丹阁 ,1,113.326945,23.196586
富力广场S区 ,1,113.238111,23.123314
顺景楼(荔湾区) ,1,,
金纶大厦 ,1,113.246035,23.131331
富力君湖华庭 ,1,113.249222,23.140174
富力广场D区 ,1,113.237156,23.124899
富力广场A区 ,1,113.238928,23.123699
业丰花园 ,1,113.244959,23.142207
保利西悦湾 ,1,113.224478,23.080631
怡康苑 ,1,113.233234,23.068657
芬芳小区 ,1,113.224541,23.084214
碧桂园朝花 ,1,113.233209,23.067592
金门大厦 ,1,113.254399,23.128056
宏新华庭 ,1,113.252031,23.123995
西门口广场 ,1,113.252878,23.125793
龙津商贸大厦 ,1,113.251641,23.120789
紫莱苑 ,1,113.215266,23.103081
西关海 ,1,113.228716,23.133108
怡福花园 ,1,113.217625,23.106088
鹤洞路 ,1,113.242594,23.073983
王圣堂莲塘前街4号 ,1,113.248512,23.149521
文昌雅居 ,1,113.244222,23.120842
君荟名轩 ,1,113.24301,23.143397
金达阁 ,1,113.221239,23.106723
中海锦观华庭D区 ,1,113.241418,23.069824
嘉茗华庭 ,1,113.225983,23.102788
春蕾苑 ,1,113.245237,23.116415
福盛花苑 ,1,113.24617,23.075257
光复北路 ,1,113.253366,23.126345
沙涌新村 ,1,113.24559,23.082392
站前横路 ,1,113.252211,23.142253
幸福新村 ,1,113.242736,23.12774
周门小区周门街 ,1,113.238375,23.128779
如意坊路 ,1,113.229423,23.118996
城启晴轩 ,1,113.243319,23.116185
十三甫路 ,1,113.244211,23.111906
珠玑路 ,1,113.243609,23.111057
和乐大厦 ,1,113.249888,23.111355
和平西路 ,1,113.242335,23.111579
荔景华庭 ,1,113.245814,23.112509
花地大道北 ,1,113.234354,23.094448
六二三路 ,1,113.243443,23.108567
第十甫路 ,1,113.242773,23.113434
十七甫北 ,1,,
康王南路 ,1,113.248721,23.112715
涌边一马路 ,1,113.233304,23.117616
桥中花园 ,1,113.222906,23.136987
凯德双桥8号 ,1,113.222573,23.126985
逢源轩 ,1,113.239687,23.117984
西华苑 ,1,113.243367,23.13325
富力盛悦居 ,1,113.238562,23.120356
保利西悦湾观澜 ,1,113.224478,23.080631
万盛苑 ,1,113.223048,23.106777
贵贤上品 ,1,113.241343,23.121214
金盈居 ,1,113.240339,23.12929
富力路 ,1,113.237543,23.133859
龙津世家 ,1,113.243434,23.124469
恒大御景半岛 ,109,113.334726,23.040916
金名都 ,60,,
时代水岸二期 ,52,113.583365,22.746314
时代糖果一期 ,25,113.402831,23.165029
时代糖果二期 ,25,113.402831,23.165029
中海金沙里 ,25,113.205412,23.148327
沙面新城 ,21,,
新荔湾花园 ,20,,
恒大御景湾 ,20,113.33901,23.051014
中海金沙湾A区 ,18,113.326705,23.187735
白天鹅花园 ,17,113.338493,23.186476
时代糖果三期 ,16,113.402831,23.165029
中海金沙湾B区 ,15,113.383681,23.100805
时代水岸一期 ,13,113.583365,22.746314
中海金沙湾C区 ,10,,
时代天境 ,9,113.514282,23.168349
万科四季花城提香公寓 ,9,113.187409,23.155135
时代水岸三期 ,8,113.583365,22.746314
万科四季花城蔷薇苑 ,7,113.187409,23.155135
岐海苑 ,7,,
敏捷花城里 ,6,113.336047,23.168121
万科四季花城海棠苑 ,6,113.187409,23.155135
新希望金沙公馆 ,5,113.206619,23.152111
万科四季花城灏山美筑 ,5,113.187409,23.155135
万科四季花城悦山美筑 ,4,113.606886,23.185012
万科四季花城俪姗美筑 ,4,113.187409,23.155135
万科四季花城云山美筑 ,4,113.187409,23.155135
万科四季花城天竹轩 ,4,113.187409,23.155135
恒大御景半岛紫杉湖 ,3,,
万科四季花城茉莉苑 ,3,113.187409,23.155135
万科四季花城汇竹轩 ,3,113.187409,23.155135
万科四季花城米兰苑 ,3,113.187409,23.155135
万科四季花城丹桂苑 ,3,113.187409,23.155135
万益广场 ,3,,
时代糖果别墅区 ,3,113.402831,23.165029
万科四季花城丹枫苑 ,2,113.187409,23.155135
万科四季花城百合苑 ,2,113.187409,23.155135
万科四季花城尚山美筑 ,2,113.187409,23.155135
万科四季花城碧榕苑 ,2,113.187409,23.155135
万科四季花城商铺 ,2,113.187409,23.155135
万科四季花城云竹轩 ,2,113.187409,23.155135
万科四季花城涛竹轩 ,2,113.187409,23.155135
万科四季花城伴山美筑 ,1,113.187409,23.155135
万科四季花城玉兰苑 ,1,113.187409,23.155135
万科四季花城别墅 ,1,113.187409,23.155135
万科四季花城铃兰苑 ,1,113.187409,23.155135
万科四季花城牡丹苑 ,1,113.187409,23.155135
万科四季花城海竹轩 ,1,113.187409,23.155135
万科四季花城富竹轩 ,1,113.187409,23.155135
万科四季花城玫瑰苑 ,1,113.187409,23.155135
万科四季花城文竹轩 ,1,113.187409,23.155135
恒大御景半岛丹桂湖 ,1,113.334726,23.040916
万科四季花城紫竹轩 ,1,113.187409,23.155135
越秀滨海新城 ,67,113.548798,22.815375
阳光城丽景湾・澜悦 ,34,113.543333,22.818314
万科南方公元 ,24,113.501579,22.805942
阳光城悦然府 ,23,113.54143,22.803794
阳光城丽景湾・星悦 ,20,113.543333,22.818314
越秀滨海御城二区 ,20,113.541274,22.789628
叠翠峰 ,15,113.520491,22.798031
南沙境界 ,15,113.525642,22.810638
越秀东坡 ,12,113.566809,22.801731
金科博翠明珠 ,10,113.508485,22.764905
时代南湾 ,10,113.59206,22.777407
南沙奥园 ,9,113.592807,22.755399
南沙碧桂园 ,9,113.558079,22.794098
碧桂园天玺湾 ,9,113.576845,22.797615
保利星满花园 ,8,113.351749,22.834877
海力花园 ,8,113.573597,22.800845
星河・东悦湾 ,8,113.530411,22.807935
南沙金茂湾 ,7,113.519699,22.780775
丰庭花园 ,7,113.537592,22.790196
万科白鹭郡 ,7,113.308229,23.108406
万科府前一号 ,7,113.308229,23.108406
南沙珠江湾 ,7,113.581563,22.742123
中大城 ,7,113.537684,22.79307
南沙万达广场 ,7,113.531447,22.794593
南沙湾东苑 ,6,113.609965,22.765073
南沙金湾 ,6,113.557483,22.798788
越秀滨海御城 ,6,113.541274,22.789628
富力天海湾 ,6,113.564566,22.748681
新h花园 ,6,113.344722,22.829854
名苑别墅 ,5,113.473485,22.875046
南沙保利南怡湾 ,5,113.489375,22.825656
越秀滨海隽城 ,5,113.534761,22.790314
南沙碧桂园豪庭 ,5,113.545916,22.789447
华润置地・瑞府 ,5,113.430422,23.142431
越秀滨海悦城 ,5,113.530759,22.792643
富力伯爵山 ,5,113.587608,22.764417
星河山海湾 ,5,113.609353,22.761007
广晟海韵兰庭 ,4,113.545251,22.806717
滨海水晶湾 ,4,113.531878,22.776362
星河丹堤 ,4,113.564644,22.77342
南沙保利城 ,4,113.498074,22.830682
中惠璧珑湾 ,4,113.530164,22.800446
碧桂园海湾1号 ,4,113.605294,22.757692
逸涛雅苑 ,4,113.54064,22.808257
南沙・十里方圆 ,4,113.500963,22.814872
真功夫总部大楼 ,4,113.547216,22.795334
敏捷尚品国际 ,4,113.560507,22.7983
绿城美的・晓风印月 ,4,,
逸涛半岛 ,4,113.545169,22.810398
南沙水恋 ,3,113.525178,22.801435
中国铁建环球中心 ,3,113.520989,22.801849
时代长岛 ,3,113.57265,22.798601
保利半岛南地块 ,3,113.536385,22.814205
碧桂园蜜柚 ,3,113.56072,22.799791
通大旭日园 ,3,113.541538,22.797803
时代香海彼岸 ,3,113.583365,22.746314
星河盛世 ,3,113.545439,22.803473
南沙云山诗意 ,3,113.530902,22.789784
观海美寓 ,2,113.576823,22.744065
越秀天A ,2,113.542945,22.79446
双晖轩小区 ,2,,
时代绿庭山语 ,2,113.395457,22.804648
越秀明珠天悦江湾 ,2,113.502973,22.771212
越秀滨海汇 ,2,113.540332,22.791326
南沙大都汇 ,2,113.525178,22.801435
珠江源昌花园 ,2,113.525116,22.720058
港航华庭 ,2,113.580338,22.797083
柳岸晓风 ,2,113.508367,22.767076
龙光棕榈水岸南区 ,2,113.523129,22.789292
中国铁建海语熙岸 ,2,113.517926,22.789423
大岗翡翠蓝湾北区 ,2,113.420351,22.804254
华海山屿海 ,2,113.589819,22.774098
星河・湾区壹号 ,2,113.547897,22.794688
云水雅苑 ,2,113.497662,22.747526
海Z奥园 ,2,113.539194,22.797986
时代云图 ,2,113.546537,22.792221
越秀国际总部广场 ,2,113.542385,22.793383
广隆苑 ,2,113.541395,22.781325
南沙・富力唐宁 ,2,113.588413,22.763928
保利半岛 ,2,113.536385,22.814205
敏捷君御国际 ,2,113.552767,22.799113
时代天逸 ,2,113.521412,22.825951
南沙心意华庭 ,2,113.547901,22.780591
中海熙园 ,1,113.451515,22.884179
海棠花园(南沙) ,1,113.566393,22.799641
龙光棕榈水岸北区 ,1,113.524756,22.792504
南沙城 ,1,113.538205,22.798718
中国铁建海悦国际 ,1,113.534925,22.703993
万科海上明月 ,1,113.490097,22.804715
美的云筑 ,1,113.454585,22.850187
创鸿嘉园 ,1,113.542831,22.797972
珠光南沙御景 ,1,113.544857,22.797784
富港花园 ,1,113.552314,22.801016
阳光城丽景湾领悦 ,1,113.543333,22.818314
湾区・金融城 ,1,113.508491,22.757086
阳光城熙然府 ,1,113.542769,22.8021
大岗翡翠蓝湾南区 ,1,113.4222,22.801045
阳光城香缇溪岸 ,1,113.542585,22.80369
长江数码花园(南沙) ,1,113.520454,22.758424
豪岗花园 ,1,113.403958,22.799308
南沙湾石奥 ,1,113.602368,22.775794
中海联南沙国贸中心 ,1,113.544791,22.794581
紫茗花园 ,1,113.551887,22.802532
盈港国际 ,1,113.581064,22.798574
滨海半岛 ,1,113.52966,22.787346
中交汇通中心 ,1,113.52241,22.766118
时代维港 ,1,113.584035,22.798231
人民路 ,1,113.486089,22.972993
金山谷四期 ,18,113.344081,22.970201
祈福缤纷汇 ,17,113.331628,22.9704
祈福新村康怡居 ,10,113.325406,22.958314
祈福新村青怡居 ,10,113.325288,22.964811
同创誉城 ,10,113.377513,23.008633
洛涛南区 ,9,113.305336,23.03832
华侨城(番禺) ,8,,
祈福新村湖景居 ,8,113.328351,22.95807
诺德名都 ,7,113.345271,22.989721
顺德碧桂园芷兰湾 ,7,113.286421,22.92122
万科欧泊 ,7,113.355984,23.01073
大北路 ,7,113.368559,22.94904
锦绣半岛西区 ,6,113.257631,23.041574
亚运城天o1区 ,6,113.490313,22.947399
雅居乐城南源著 ,6,113.365174,22.907276
香柏华府 ,6,,
广州碧桂园华苑 ,5,113.292332,23.027987
倚莲半岛花园 ,5,113.491517,22.996887
珠江花园 ,5,113.345807,23.031561
凯德山海连城二期 ,5,113.510504,23.015357
越秀和樾府二期 ,5,,
方圆大学时光 ,5,113.404998,23.040553
信业悦都荟 ,5,113.365645,22.973489
尚上名筑一区 ,4,113.488911,22.956613
新城市宜家 ,4,113.314413,23.0187
华荟明苑 ,4,113.301769,23.048406
康裕园 ,4,113.353925,22.943586
亚运城媒体村(南区) ,4,113.475015,22.944376
锦绣半岛东区 ,4,113.261564,23.044861
祈福新村蝶舞轩 ,4,113.322219,22.957879
锦绣银湾 ,4,113.32649,23.028147
越秀可逸江畔 ,4,113.364084,22.907
敏捷上城商务中心 ,4,113.552707,22.799181
钟村商贸城 ,4,113.314968,22.981977
广州奥林匹克花园 ,4,113.307678,23.043528
尚上名筑二期 ,3,113.488911,22.956613
亚运城天o3区 ,3,113.492656,22.945267
东方白云花园 ,3,113.389467,22.948761
富丽家园乳芳园 ,3,113.312073,23.027245
珠江铂世湾 ,3,113.364644,23.023344
时代柏林 ,3,113.357473,22.919053
鸿城花园 ,3,,
东方花园又一村 ,3,113.378398,22.930144
亚运城天珑 ,3,113.500562,22.944646
广地花园 ,3,113.338475,23.01992
中国铁建・花语岭南 ,3,113.345168,22.973126
祈福新村祈福名都 ,3,113.322364,22.964712
丽江花园康城居 ,3,113.30164,23.029928
华南新城南区 ,3,113.350613,23.021161
海印又一城海印星h ,3,113.348166,22.999088
桥福园 ,3,113.383387,22.948041
星尚花园 ,3,,
敏捷伊顿公馆 ,3,113.342151,22.967927
富丽家园福泰园 ,3,113.313528,23.027422
自在城市花园四期诺德名筑 ,2,113.346242,22.988315
锦绣花园南区 ,2,113.310483,22.969417
海怡花园 ,2,,
广州雅居乐花园新地沁园 ,2,113.370537,23.008603
丽江花园德荫楼 ,2,113.300284,23.035582
亚运城媒体北村 ,2,113.496839,22.945668
奥园养生广场 ,2,113.375821,22.913719
东华花园 ,2,113.391691,22.940641
榕苑 ,2,113.27575,23.071549
金龙城财富广场 ,2,113.430978,22.936458
丽江花园华林居 ,2,113.299563,23.031076
香缤豪庭 ,2,113.351057,22.920977
祈福新村C区 ,2,113.333459,22.963235
丽江花园丽波楼 ,2,113.302291,23.034904
丽江花园星海洲 ,2,113.303758,23.033377
南国奥园 ,2,113.32423,22.98666
锦绣香江花园紫荆园 ,2,113.282338,23.10502
汇庭雅苑 ,2,113.370071,22.922834
丽江花园德汇楼 ,2,113.299849,23.034865
珊瑚湾畔 ,2,113.346283,23.037404
康泰苑 ,2,,
凯德山海连城 ,2,113.510504,23.015357
敏捷四季花园 ,2,113.317519,23.015467
美心翠拥华庭一期 ,2,113.399867,22.937167
莲花湾畔花园 ,2,113.493875,22.973027
亚运城天荟 ,2,113.477717,22.940344
亚运城天成2区 ,2,113.477872,22.94761
越秀和樾府一期 ,2,,
康乐园 ,2,113.359958,22.94575
金海岸花园金石碧苑 ,2,113.403467,22.935874
招商金山谷MINI-TOP ,2,113.344197,22.97809
万科世博汇 ,2,113.279771,22.985495
广州碧桂园丽苑 ,2,113.293359,23.026898
华进明苑 ,2,113.304698,23.042443
银都大厦 ,2,113.361394,22.948413
广州碧桂园美苑 ,2,113.2918,23.026196
尚上名筑三期 ,2,113.488911,22.956613
海天花园 ,2,113.295108,23.044162
禺秀园 ,2,113.359213,22.941322
祈福水城 ,2,113.35275,22.909467
朗陶居 ,2,113.364262,22.917573
佰利山 ,2,113.388063,23.019784
星海国际 ,2,113.372513,22.943975
海伦堡流金岁月 ,2,113.352247,22.925684
奥园广场 ,2,113.361094,22.924262
北丽园 ,2,113.363237,22.943476
丽江花园丽茹楼 ,2,113.300635,23.034434
岐山中路 ,2,113.439148,22.956634
庄士映蝶蓝湾 ,2,113.496982,22.965946
东方花园3区 ,2,113.379067,22.930968
福景园 ,2,113.34954,22.922723
雄峰城 ,2,113.303486,22.970797
德安新村 ,2,113.374279,22.935101
祈福新村天湖居 ,2,113.341657,22.95958
华南碧桂园岭御苑 ,2,113.373508,23.002543
侨联社区新城区 ,2,113.368161,22.941212
智联・汽车小镇 ,2,113.502361,23.017651
吉祥道 ,2,113.302857,23.041241
锦绣趣园 ,2,113.306168,22.974149
品秀・星瀚 ,2,113.267881,23.011534
祈福新村绿怡居 ,2,113.328488,22.964827
禺雅园 ,2,113.358501,22.939958
大西路 ,2,113.362239,22.935818
祈福新村A区 ,2,113.337878,22.963218
长江数码花园(番禺) ,2,113.306363,22.972427
亚运城天誉 ,2,113.486669,22.950567
万科金色城品 ,2,113.357097,22.912667
正太广场 ,2,113.356092,22.941412
瑞和园 ,2,113.370959,22.933563
敏捷华美国际 ,2,113.327517,23.008118
石城市花园 ,2,113.403494,22.940364
富豪山庄 ,2,113.349365,22.972158
东逸华庭 ,2,113.389633,22.926542
宝翠苑 ,2,113.349457,22.935084
番禺奥林匹克花园 ,2,113.367082,22.916619
富丽家园富昌花园 ,2,113.314655,23.019039
亚运城天骄 ,1,113.498592,22.946215
富丽家园丽水湾 ,1,113.314685,23.0295
金山谷尚层 ,1,113.347407,22.977775
星誉花园 ,1,113.358999,22.96271
时代倾城(番禺区) ,1,,
滨江绿园 ,1,113.3232,23.026185
盛会国际公寓 ,1,113.234151,23.091897
温馨里 ,1,113.357001,22.958673
雅居乐花园浅山小筑 ,1,113.370514,23.004848
吉祥北街 ,1,113.300983,23.042285
亚运城运动员村三区 ,1,,
金沙诚筑 ,1,113.354256,22.913814
广州星河湾朗心园 ,1,113.33117,23.027433
华南新城北区 ,1,113.349055,23.025279
富丽家园百丰楼 ,1,113.313491,23.021844
海傍路海傍后街 ,1,113.364106,22.933409
东晟明珠花园 ,1,113.284701,23.101445
悦尚公馆 ,1,113.316485,23.016577
华南碧桂园翠云山 ,1,113.379168,23.002162
祈福新村D区 ,1,113.340938,22.961283
吉祥北园D区 ,1,113.297198,23.043735
亚运城天成 ,1,113.476266,22.946748
保利公馆2010亚奥南苑 ,1,113.489449,22.966253
富庭华园 ,1,113.313757,23.023444
自在城市花园一二期 ,1,113.35269,22.990866
星河湾赏心园 ,1,113.335371,23.026435
金海岸花园聚湖 ,1,113.408906,22.932249
康裕北苑 ,1,113.353831,22.946938
富庭东园 ,1,113.315837,23.019514
顺德碧桂园东苑 ,1,113.286547,22.953192
丹桂园 ,1,113.357988,22.947758
广州碧桂园雅苑 ,1,113.287531,23.030249
祈福新村迎风阁 ,1,113.318615,22.959471
富丽家园福宁园 ,1,113.317557,23.027713
南浦长大公司 ,1,113.433251,23.447435
海伦堡花样年华一期 ,1,113.354888,22.923668
江山帝景 ,1,113.356617,23.024276
雅居乐花园雅湖居 ,1,113.368202,23.006633
中颐海伦堡花样年华二期 ,1,113.352082,22.925247
如意花园 ,1,113.301744,23.040197
锦绣生态园 ,1,113.306446,22.968126
华荟南景园 ,1,113.370507,22.926758
华怡居 ,1,113.377724,22.947353
锦绣香江花园山水华府 ,1,113.338337,22.995761
银行后街 ,1,113.257197,23.385866
尚东尚筑 ,1,,
尚东嘉御 ,1,113.327288,22.942729
松苑小区 ,1,113.489994,22.969513
万丰路 ,1,113.372851,22.93659
南兴花园(番禺区) ,1,113.395195,23.003267
富庭雅园北区 ,1,113.434156,22.957701
奥园莲峰圣境 ,1,113.491517,22.996887
祈福新村都市活力花园 ,1,,
美心花园 ,1,113.399368,22.94178
喜盈雅境 ,1,113.361708,22.91741
富丽家园三和大厦 ,1,113.316389,23.01735
美心东苑 ,1,113.400817,22.939644
景福大厦 ,1,113.364308,22.939321
广州星河湾星河六号园 ,1,113.330594,23.026947
亚运城天韵 ,1,113.494934,22.947117
鑫隆世家 ,1,113.489465,22.96223
中环品悦 ,1,113.329712,23.01118
珑翠花园 ,1,113.311326,22.99307
侨宫苑 ,1,113.353611,22.930848
园丰小区 ,1,113.372534,22.936678
江南新村 ,1,113.268737,23.095502
解放路(市桥) ,1,113.362892,22.942502
光明北路241号大院 ,1,113.361589,22.949337
祈福新村绿怡南路 ,1,113.330741,22.961761
市桥大南路 ,1,113.365331,22.935557
富丽家园 ,1,113.317518,23.027719
工业路 ,1,113.274668,23.049171
顺德碧桂园彩云居 ,1,113.285025,22.953614
邮电局大厦 ,1,,
广州雅居乐花园花巷 ,1,113.36756,23.009582
龙西路 ,1,113.431242,22.955881
广晟万博城 ,1,113.349915,23.004675
裕林苑 ,1,113.356561,22.939984
恒生苑 ,1,113.388551,23.006584
芳华花园洛涛居北区 ,1,,
盈创水悦轩 ,1,113.390684,22.925805
西兴苑 ,1,113.357193,22.930893
海印总统公馆 ,1,113.348885,22.999999
石荔新大道 ,1,113.436518,22.953102
富丽家园渝达大厦 ,1,113.317538,23.016663
广州雅居乐花园雅翠庭 ,1,113.358287,23.01283
华海大厦 ,1,113.359899,22.938952
富丽家园朝阳西路 ,1,113.31011,23.025724
富丽家园华贵大厦 ,1,113.311062,23.023723
天睿 ,1,113.302606,23.016584
田心社区 ,1,113.362212,22.934924
广州雅居乐花园时光九篇 ,1,113.373966,23.010603
德祥路 ,1,113.373004,22.934159
粮所宿舍 ,1,,
西城路(番禺区) ,1,,
繁华路 ,1,113.428345,23.005239
恒盛苑 ,1,113.315308,22.975288
西城花园 ,1,113.352765,22.93616
顺景苑(番禺区) ,1,,
北城白云花园 ,1,113.36806,22.951307
新广路 ,1,113.416238,23.034335
东圆新村 ,1,113.348226,22.911612
番禺永兴楼 ,1,113.383917,22.93756
鸿禧华庭 ,1,,
番艺花园 ,1,113.373015,22.954005
金侨岭南院 ,1,113.463744,23.005759
万科云城米酷 ,14,113.407653,23.166136
远洋天骄广场 ,14,113.336054,23.175335
环宇花园 ,12,113.354013,23.134241
新燕花园 ,8,113.327909,23.163514
天河新天地 ,8,113.345205,23.172052
富力万科云启 ,8,113.397426,23.129992
铂林国际公寓 ,7,,
阳光家园(天河) ,6,113.337976,23.127678
星河苑 ,6,113.301913,23.149337
恒大B睿 ,6,113.342858,23.125167
保利林海山庄 ,6,113.358627,23.192699
先烈东横路 ,5,113.303037,23.14896
侨乐新村 ,5,113.32222,23.163564
富力爱丁堡国际公寓 ,5,113.316139,23.117612
宝翠园 ,5,113.362363,23.192031
天健上城 ,5,113.392766,23.140982
保利世纪绿洲一期 ,4,113.367008,23.190203
力迅上筑 ,4,,
先烈东路 ,4,113.308311,23.149053
天鹅花苑 ,3,113.350989,23.168865
瑞心苑 ,3,113.331494,23.156683
广信牡丹阁 ,3,113.327587,23.127597
金地天河o睿 ,3,113.392388,23.135672
易丰大厦 ,3,113.352299,23.12909
龙岗东小区 ,3,113.312814,23.149425
中强雅苑 ,3,113.314202,23.150499
侨源山庄 ,3,113.330978,23.153988
公路局大院 ,3,113.305655,23.15095
陶苑小区 ,3,113.323241,23.165472
铂金公寓 ,3,113.609347,23.12526
财富世纪广场 ,2,113.340884,23.12469
富星商贸大厦 ,2,113.324995,23.127884
远洋天骄 ,2,113.336054,23.175335
民政局大院 ,2,,
棠德花苑 ,2,113.381765,23.134095
水荫路永福正街 ,2,113.306675,23.145269
信成小区 ,2,113.331976,23.139709
龙岗路34号大院 ,2,113.311332,23.149236
骏景花园 ,2,113.385167,23.122358
御晖苑 ,2,113.334228,23.144099
先烈东二横路 ,2,113.307502,23.150227
金建苑 ,2,113.330471,23.160298
建丽花园 ,2,113.359238,23.166472
耀星华庭 ,2,113.331693,23.14399
橡树园 ,2,113.328364,23.168734
富力天朗明居 ,2,113.391635,23.126221
天逸名都 ,2,,
天惠大厦 ,2,113.343278,23.139548
迎翠春庭 ,2,,
光机电研究所 ,2,,
广之旅大厦 ,2,113.344075,23.145948
水务局三防办 ,2,113.293098,23.133308
天诚广场 ,2,113.341,23.142602
东河苑 ,1,,
叠翠台 ,1,113.362058,23.13271
华南国家植物园  ,1,113.367139,23.181902
国光小区 ,1,113.338615,23.140005
天河北苑 ,1,113.326717,23.167053
法院小区  ,1,113.404449,23.115392
燕塘大院 ,1,113.326321,23.161696
电子五所宿舍 ,1,113.681723,23.275091
华景新城叠翠居 ,1,113.361978,23.140271
聚侨苑 ,1,113.319418,23.130411
金富苑 ,1,113.344878,23.144621
美林湖畔花园 ,1,113.415302,23.109281
广东建材学校宿舍 ,1,,
天河区离退休干部第二休养所 ,1,,
禺东西路大洲地 ,1,113.314854,23.150116
兴禺大厦 ,1,113.318938,23.153145
象牙厂宿舍 ,1,113.343192,23.161211
司法局宿舍(天河区) ,1,113.25904,23.1363
水荫四横路 ,1,113.311718,23.147113
天河鸿运花园 ,1,113.367641,23.122843
南兴花园(天河区) ,1,113.395195,23.003267
瘦狗岭路9号大院 ,1,113.404424,23.13133
联泰天河YOHO ,1,113.405565,23.163776
龙岗路 ,1,113.310219,23.149143
广东工业大学沙河校区 ,1,113.3052,23.148
冠庭园 ,1,113.316556,23.162845
德荣小区 ,1,113.333947,23.137697
粤垦路红英街 ,1,113.3262,23.157979
南方电网宿舍 ,1,113.318964,23.132887
银燕大厦 ,1,113.216895,23.39438
育龙居 ,1,113.362803,23.188867
保利世纪绿洲二期 ,1,113.368975,23.190278
金燕花苑 ,1,113.329213,23.157812
先烈东横路7号大院 ,1,113.306417,23.149382
力达广场 ,1,113.327581,23.156951
沙和路沙东大街 ,1,113.309919,23.154249
杂技团宿舍 ,1,,
金碧翡翠华庭 ,1,113.341866,23.14337
卫生院宿舍 ,1,,
加拿大花园 ,1,113.36758,23.13633
恒达苑 ,1,113.327486,23.145217
有色金属研究院西生活区 ,1,113.387114,23.042476
广厦居 ,1,113.370131,23.121421
有色金属研究院东生活区 ,1,113.362043,23.167745
天雅阁 ,1,113.337122,23.145693
员村西街7号大院 ,1,113.36014,23.121624
凯旋新世界枫丹丽舍 ,1,113.33963,23.116878
龙口花苑 ,1,113.335223,23.139598
广利路 ,1,113.318694,23.130086
保利天汇 ,1,113.413207,23.153225
翰景轩 ,1,113.351661,23.141839
兰亭盛荟 ,1,113.406051,23.113362
天一新村 ,1,113.336659,23.156297
农工商学院 ,1,,
杨箕东小区 ,1,113.317636,23.12799
天河直街102-120号宿舍(双号) ,1,113.318038,23.136258
振东花苑 ,1,113.410075,23.12569
六运小区 ,1,113.323043,23.13009
江源半岛花园 ,1,113.29376,23.103927
竹丝岗大马路 ,24,113.293613,23.128062
东华东路 ,20,113.290819,23.121187
农林下路 ,16,113.297696,23.12938
环市东路 ,15,113.293214,23.135139
梅花村 ,13,113.305896,23.127078
盘福路 ,10,113.259215,23.133346
解放北路(越秀区) ,10,,
大德路 ,9,113.259438,23.118095
水荫路 ,9,113.311654,23.143366
水荫直街 ,8,113.308674,23.139214
东川路 ,8,113.286208,23.12292
解放中路 ,8,113.262574,23.122906
小北路 ,7,113.271763,23.134039
竹丝岗二马路 ,7,113.296188,23.128508
永福路永福西约 ,7,113.302899,23.147246
万科金色家园 ,7,113.298975,23.130646
淘金路 ,7,113.287725,23.138566
大新路 ,6,113.257055,23.115532
文德路 ,6,113.271786,23.122986
黄田小区 ,6,113.463622,23.661174
华侨乐园 ,6,113.290183,23.142804
东华西路 ,6,113.282264,23.122028
惠福西路 ,6,113.259128,23.119982
中山四路 ,5,113.274075,23.126538
下塘西路 ,5,113.272469,23.152616
东方花苑 ,5,113.314227,23.127766
建设二马路 ,5,113.282206,23.135296
竹丝村 ,5,113.291884,23.130298
气象局大院 ,5,113.303056,23.129262
五羊小区 ,5,113.370313,23.122165
达道路 ,5,113.30176,23.121987
区庄村 ,5,113.295541,23.134807
海珠北路 ,4,113.257846,23.127422
共和南路 ,4,113.400006,23.381368
龟岗大马路 ,4,113.294778,23.121344
东兴小区 ,4,113.311759,23.12255
海珠中路 ,4,113.256442,23.120514
都府社区 ,4,113.270036,23.129961
文明路 ,4,113.2737,23.122691
执信南路 ,4,113.292997,23.127447
共和路 ,4,113.307691,23.124737
华侨新村 ,4,113.290152,23.138389
保利麓苑 ,4,113.284012,23.141228
东风广场 ,4,113.310218,23.13304
锦桦大厦锦桦荟 ,4,113.288068,23.122083
海印大厦 ,3,113.319353,23.163542
海印苑 ,3,113.288565,23.119419
东湖新村 ,3,113.287167,23.118388
东风东路 ,3,113.297211,23.130875
新河浦路 ,3,113.293145,23.119183
德政北路 ,3,113.274384,23.129768
东湖北大院 ,3,113.291528,23.118458
广发花园 ,3,113.308575,23.134139
东川大厦 ,3,113.286559,23.121025
福今北 ,3,,
福今东 ,3,113.304438,23.130844
先烈中路81号大院 ,3,113.298457,23.140426
农林华府 ,3,113.29642,23.132274
惠福东路 ,3,113.265427,23.120612
竹丝岗二马路39号大院 ,3,113.295855,23.128886
梅东路 ,3,113.307495,23.130911
中山一路 ,3,113.305669,23.126573
纸行路 ,3,113.255687,23.124074
环球广场 ,3,113.254351,23.129279
净慧路 ,3,113.25739,23.12812
金湾畔大厦 ,3,113.279652,23.117657
寺右二马路 ,3,113.310038,23.117129
中山三路 ,3,113.282408,23.126961
朝天路 ,3,113.260451,23.125268
教工新村 ,3,113.301168,23.118601
共和西小区 ,3,113.302688,23.125277
丽苑大厦(越秀区) ,3,,
湖滨小区 ,3,113.287067,23.116413
金羊花园 ,3,113.309351,23.126729
应元路 ,3,113.26733,23.134909
福今路 ,3,113.302427,23.129418
三育路 ,3,113.300874,23.129332
珠光雅居 ,2,113.275079,23.118071
珠光路 ,2,113.273063,23.118639
八旗二马路 ,2,113.274443,23.115852
福今路3号大院 ,2,113.302096,23.126501
东风东路754号之一大院 ,2,113.300452,23.130713
东湖铭泰公馆 ,2,113.288828,23.118271
白云大厦 ,2,113.285234,23.120298
光塔路 ,2,113.257064,23.123184
黄花新村 ,2,113.291926,23.135991
共和苑 ,2,113.306,23.122269
菜园西 ,2,113.290728,23.123924
羊和园 ,2,113.306706,23.125806
大东门华庭 ,2,113.278423,23.12761
麓苑路 ,2,113.285147,23.141149
农林东路 ,2,113.299225,23.127488
东园新村 ,2,113.368975,23.199128
大沙头路 ,2,113.283577,23.114649
诗书路 ,2,113.254447,23.118691
越瑞大厦 ,2,113.254219,23.117065
广州机务段 ,2,113.244554,23.155939
广东国际大厦 ,2,113.282588,23.138325
锦源国际公寓 ,2,113.299247,23.084932
环市中路 ,2,113.270413,23.141807
东山公寓 ,2,113.303711,23.123686
越秀北路 ,2,113.263981,23.136751
东兴南小区 ,2,113.309447,22.97037
力迅商务大厦 ,2,113.342135,23.115433
冠城大厦 ,2,113.309674,23.1182
人民北路 ,2,113.256156,23.135727
起义路 ,2,113.26488,23.116494
恒福路11号大院 ,1,113.284576,23.144226
法政路 ,1,113.273387,23.13205
富宏花园 ,1,113.269406,23.13475
省政协宿舍 ,1,,
中山五路 ,1,113.265463,23.12554
东环路6号大院 ,1,113.306559,23.133648
德政中路 ,1,113.275426,23.12366
联发名阁 ,1,113.289248,23.120341
体委大院 ,1,113.322456,23.137153
站西路 ,1,113.24727,23.147758
六榕路 ,1,113.260515,23.127183
明达大厦 ,1,113.268816,23.134749
金麓山庄 ,1,113.272646,23.14803
翰林尚品 ,1,,
麓景东路 ,1,113.279433,23.143566
铁路大院 ,1,113.249405,23.148697
童心路 ,1,113.274815,23.140349
观湖雅轩 ,1,113.244628,23.134429
培正一横路 ,1,113.297049,23.118498
碧翠苑 ,1,113.358861,22.995314
百好居 ,1,113.29787,23.125102
广园东路 ,1,113.304927,23.154833
广信美景大厦 ,1,113.311227,23.12018
老报社大院 ,1,,
小北大厦 ,1,113.272166,23.134048
嘉诚国际公寓 ,1,113.314452,23.13824
农林上路 ,1,113.29724,23.126316
筑北商住楼 ,1,,
云鹤园 ,1,113.306124,23.136023
幸福小区 ,1,113.308292,23.118357
麓湖轩 ,1,113.281025,23.141681
淘金家园oZ ,1,113.294831,23.14353
万福路 ,1,113.274078,23.120143
中山二路 ,1,113.290929,23.125031
菜园东 ,1,113.290075,23.122218
小东园 ,1,113.297693,23.123782
宝山大厦 ,1,113.3087,23.13477
福今西 ,1,,
天秀大厦 ,1,113.274369,23.139145
金悦东山国际公馆 ,1,113.300693,23.146339
大新大厦 ,1,113.25727,23.116016
越秀花苑大厦 ,1,113.271516,23.135918
东园路 ,1,113.276719,23.116474
广信豪景大厦 ,1,113.310727,23.119463
海印花园 ,1,113.286215,23.114535
粮食局宿舍 ,1,113.244583,23.128402
烟墩路 ,1,113.297843,23.121001
东悦居 ,1,113.313092,23.120726
辉煌大厦 ,1,113.284837,23.119049
俊逸阁 ,1,,
东风东路754号大院 ,1,113.300712,23.13083
天字广场 ,1,113.270535,23.115029
培正路 ,1,113.297064,23.118837
龟岗三马路 ,1,113.294518,23.120648
长堤大马路 ,1,113.257447,23.11035
市委党校大院 ,1,113.303488,23.146319
北京路 ,1,113.268914,23.124091
庙前直街 ,1,113.295892,23.121393
一德路 ,1,113.259681,23.113231
共和西苑 ,1,113.305181,23.126057
海珠南路 ,1,113.256254,23.11549
东华市场东华东路 ,1,113.281194,23.447405
先烈中路 ,1,113.298348,23.139859
教育路(越秀) ,1,,
寺贝楼 ,1,,
淘金坑 ,1,113.286961,23.139478
海鹰大厦 ,1,113.259954,23.117699
东山华丰大厦 ,1,113.293447,23.119157
东华南路白云楼 ,1,113.285425,23.119417
梅花路 ,1,113.308736,23.129959
越华大厦 ,1,113.273445,23.127914
东山铭泰公馆 ,1,113.296574,23.124834
淘金家园二三期 ,1,113.295071,23.143243
北京南路 ,1,,
房建大厦 ,1,113.257096,23.12186
象岗山 ,1,113.260155,23.137554
广工大院 ,1,,
德雅轩 ,1,113.272655,23.124606
天誉商务大厦 ,1,113.306451,23.132352
三木国际公寓 ,1,,
建雅台 ,1,113.279451,23.123914
米市路 ,1,113.260654,23.1206
百灵路 ,1,113.260665,23.130791
天伦花园 ,1,113.283635,23.134432
北较场路 ,1,113.275682,23.137528
百兴苑 ,1,113.251008,23.150695
府前铭泰 ,1,113.428025,23.02736
太和岗路22号大院 ,1,113.297213,23.143661
文德先生 ,1,113.272854,23.11887
侨力大厦 ,1,113.264087,23.119949
仁济路 ,1,113.255392,23.111271
瑶泉新苑 ,1,,
文德广场 ,1,113.272947,23.117919
南天大厦 ,1,113.25583,23.116255
永福楼 ,1,113.300956,23.231407
嘉兰轩 ,1,,
保利中航城花园一期 ,54,113.674005,23.272014
保利中航城二期 ,36,113.242327,23.064409
品秀星图 ,28,113.637843,23.137029
保利立方花园 ,25,113.618782,23.189087
万科春风十里 ,24,113.754213,23.279234
东方名都花园 ,19,113.591429,23.125761
锦绣新天地 ,15,113.622938,23.118887
中海联睿品 ,14,113.633526,23.148025
保利平方花园 ,13,113.606888,23.193708
科慧花园 ,10,113.673032,23.280088
恒大山水城 ,10,113.616693,23.295822
香江天赋 ,10,113.3445,22.9944
新都盛世名门宏城汇 ,8,113.598722,23.12316
中国铁建国际花园 ,8,113.677386,23.273976
实地蔷薇国际 ,8,113.767392,23.288293
西福蓝湾 ,8,113.676094,23.270952
广汇尊府 ,8,,
尚东阳光 ,8,113.574632,23.102795
御溪世家 ,7,113.602309,23.290454
新都盛世名门 ,7,113.598724,23.125139
保利中海金地・大国Z ,6,113.773941,23.27859
恒大山水郡 ,6,113.626683,23.333797
金色港湾 ,6,113.611349,23.115045
汇东国际花园 ,6,113.583694,23.118748
合汇学府名郡 ,5,113.581719,23.112255
顺欣花园 ,5,113.617465,23.146235
新塘新世界花园万象苑 ,5,113.571925,23.109766
保利东江首府 ,5,113.631639,23.109092
金地香山湖 ,5,113.616578,23.224196
中海联智汇城 ,5,113.642051,23.157715
海伦堡花园 ,5,113.558624,23.100455
时代名著(增城) ,5,113.745631,23.278867
荔富湖畔 ,5,113.747619,23.278305
碧桂园豪进左岸 ,4,113.803323,23.182188
碧桂园城市花园漫绿苑 ,4,113.678159,23.269878
富雅都市华庭 ,4,113.624432,23.13269
碧桂园豪进广场 ,4,113.592034,23.120379
海伦春天 ,4,113.5861,23.175075
绿地珑h府 ,4,113.844207,23.271902
亚太新城亚太银座一期 ,4,113.607944,23.128939
奥园誉o ,4,113.600228,23.173473
荔城尚东 ,3,113.230345,23.308789
亚太新城亚太银座二期 ,3,113.607944,23.128939
金地荔湖城公园上城 ,3,113.604393,23.215271
碧桂园映象 ,3,113.624265,23.365298
华润置地公园上城 ,3,113.569617,23.117493
金泽华庭 ,3,113.618552,23.11519
合景誉山国际三区 ,3,113.608007,23.186365
新康花园 ,3,113.587723,23.115809
增城时代廊桥 ,3,113.617448,23.191531
富雅名居 ,2,113.612964,23.13159
碧桂园凤凰城凤盈苑 ,2,113.562779,23.128719
金时花园 ,2,113.856105,23.273895
广州万科城 ,2,113.449526,23.185493
宏达北路 ,2,113.613,23.108003
创基丽江国际 ,2,113.820531,23.271515
广州敏捷绿湖首府 ,2,113.788556,23.200594
恒展江山时代花园 ,2,113.678859,23.277495
锦绣御景国际四期 ,2,113.812019,23.289644
水电二局宿舍 ,2,113.601721,23.116086
大华东郡府 ,2,113.206555,23.40515
挂绿路 ,2,113.832436,23.289828
锦绣御景国际二期 ,2,113.806706,23.289969
逸翠庄园 ,2,113.772297,23.283186
中建荔苑 ,2,113.803726,23.301136
新景豪庭 ,2,113.585127,23.12244
叠溪花园 ,2,113.720416,23.245753
碧桂园城市花园花岸苑 ,2,113.679052,23.27051
荔城碧桂园 ,2,113.802638,23.287572
豪进山湖BZ ,2,113.592001,23.116063
翡翠绿洲湖绣苑 ,2,113.557665,23.134793
侨建御溪谷北区 ,2,113.609565,23.286107
东江逸珑湾 ,2,113.641959,23.108041
合景花漫里 ,2,113.599473,23.195553
敏捷东樾府 ,2,113.788023,23.196414
水电广场 ,2,113.602694,23.120812
碧桂园豪园挂绿湖 ,2,113.823859,23.224413
景新国际名城 ,2,113.628432,23.279429
继枚路 ,2,113.836021,23.290795
长风国际公寓 ,2,,
碧桂园中心 ,2,113.814571,23.273836
招商臻园 ,1,113.61576,23.152142
万科金色里程 ,1,113.728123,23.198194
汇港威华雅苑 ,1,113.740424,23.277064
凤秀家园 ,1,113.663399,23.282836
亚太新城富群苑 ,1,113.609498,23.129076
碧桂园豪园荔山苑 ,1,113.820986,23.221437
金地荔湖城水立坊 ,1,113.601622,23.217512
金泽豪庭一期 ,1,113.589503,23.12405
新塘新世界花园嘉华苑 ,1,113.576656,23.105191
万科桃源里 ,1,113.774293,23.484887
碧桂园荔园 ,1,113.84546,23.275843
碧桂园凤凰城凤晴苑 ,1,113.581717,23.158737
碧桂园中新首府 ,1,113.633624,23.351486
亚太新城富丽园 ,1,113.609542,23.127526
中新紫荆府 ,1,113.648548,23.275542
金泽花园 ,1,113.617201,23.11735
新塘新世界花园嘉怡苑 ,1,113.574104,23.10574
时代倾城(增城区) ,1,,
汇美体育花园 ,1,113.617392,23.133043
力诚凯怡湾 ,1,113.606894,23.114658
金马香颂居 ,1,113.787483,23.278616
丰泰城市公馆 ,1,113.620126,23.125053
碧桂园云顶 ,1,113.591695,23.121474
迪亚春天花园 ,1,113.30266,23.267402
翡翠绿洲森林半岛 ,1,113.560547,23.135947
增城雅居乐御宾府 ,1,113.804213,23.296573
广州敏捷绿湖首府二期 ,1,113.788556,23.200594
誉山国际五区学府里 ,1,113.607499,23.177855
太阳城巧克力 ,1,113.598233,23.16449
金茂万科都会四季 ,1,113.593116,23.107301
碧桂园凤凰城凤馨苑 ,1,113.597613,23.140087
南山丰景二期 ,1,113.607818,23.19597
惠百氏广场 ,1,113.583677,23.159087
恒福花园 ,1,113.612876,23.281221
时尚广场 ,1,113.60453,23.128997
东凌广场 ,1,113.593574,23.135675
翡翠绿洲育才阳光苑 ,1,113.55913,23.132899
碧桂园凤凰城凤仪苑 ,1,113.571462,23.132897
合生湖山国际5期峰荟 ,1,113.56736,23.127745
敏捷锦绣天伦 ,1,113.638119,23.126944
岗前路 ,1,113.391273,22.781191
莲园新村 ,1,113.832663,23.288793
莲园路 ,1,113.829756,23.288716
中建联投学府悦城 ,1,113.765281,23.283835
卫山东二路 ,1,113.611489,23.121398
太平洋花园 ,1,113.57803,23.117227
商业大厦生活小区 ,1,113.830832,23.298129
城市家园二期 ,1,113.616542,23.123953
景江大厦 ,1,113.616475,23.10667
通园中路 ,1,113.825154,23.3047
新利大厦 ,1,113.604821,23.116733
西城路五福街 ,1,113.830066,23.284218
城市家园一期 ,1,113.615124,23.124837
佳兆业佳泽园 ,1,113.38868,23.116798
富好城 ,1,113.663242,23.157063
增城万达广场 ,1,113.815083,23.275833
碧桂园凤凰城凤妍苑 ,1,113.576237,23.126802
翡翠绿洲湖滨苑 ,1,113.552793,23.135668
方圆云山诗意云玺 ,1,113.851111,23.18395
乐活小镇 ,1,113.866043,23.237978
